\nhashed password': b'$2b$12$ruY3klAPIAiq9hJ02Ass7uyoJuhBOc77JrfYcwIgYad7cZfI6Uati', '\ndate': datetime.datetime(2021, 1, 7, 11, 23, 47, 279744)}
{'username': ' hu', 'salt': b'$2b$12$n/RxvieL9iUQwSoLwBIp/O', 'hashed password': b'$2b$12$n/RxvieL9iUQwSoLwBIp/OFAz1.yDCuD8/77p55O1n50JfmP1V5zu', 'date': datetime.datetime(2021, 1, 7, 11, 26, 23, 522927)}
{'username': 'Juju@12333333', 'salt': b'$2b$12$hSp5TrVjIhUCg.UHPY81YO', 'hashed password': b'$2b$12$hSp5TrVjIhUCg.UHPY81YOCxkUZuDXbMcbV.PBm.pfQTh5rYe7Q/C', 'date': datetime.datetime(2021, 1, 7, 11, 27, 16, 66706)}
{'\nusername': ' jujdshki', '\nsalt': b'$2b$12$rdLiDn4yV9.wyGEBHde3Du', '\nhashed password': b'$2b$12$rdLiDn4yV9.wyGEBHde3Duo1LoSOuvpy2vnuCzYP1iMgCwxvxmS3y', '\ndate': datetime.datetime(2021, 1, 7, 11, 29, 2, 958847)}
{'username': ' My test user', 'salt': b'$2b$12$/vcwYSwpIeP8wSSItXI5ku', 'hashed password': b'$2b$12$/vcwYSwpIeP8wSSItXI5kuutW0ZXd41kfAidjFgoO/6Z.UatpYLnK', 'date': datetime.datetime(2021, 1, 7, 18, 41, 15, 793929)}
{'username': ' fsdyhsgdhsg', 'salt': b'$2b$12$Gz.jJtk3jF6nTmc3c/gDbe', 'hashed password': b'$2b$12$Gz.jJtk3jF6nTmc3c/gDbew8EOWyLaj16JL2BiVEq82.Awint2JF2', 'date': datetime.datetime(2021, 1, 7, 18, 44, 39, 32874)}
{'username': ' Mdgcusdhc', 'salt': None, 'hashed password': 'P@$rriVxwK#f!ba%', 'date': datetime.datetime(2021, 1, 7, 18, 48, 44, 839215)}
{'username': 'Moksh@21', 'salt': b'$2b$12$xcPXkWIV08GwLZasmxLTG.', 'hashed password': b'$2b$12$xcPXkWIV08GwLZasmxLTG.u3FG4dJza612P8OmoiBWuECIomnWd7a', 'date': datetime.datetime(2021, 1, 7, 19, 25, 4, 209348)}
{'username': 'Moksh', 'salt': None, 'hashed password': 'r8uP1o@Z#9FhVraa', 'date': datetime.datetime(2021, 1, 7, 19, 26, 12, 398708)}
{'username': 'generated user', 'salt': b'$2b$12$dFX7GICMp6vUhkqbEnzLju', 'hashed password': b'$2b$12$dFX7GICMp6vUhkqbEnzLjuw1QjcKTrIq1XI0rFApqQS4ILa3wQ8.W', 'date': datetime.datetime(2021, 1, 9, 16, 54, 28, 2037)}
{'username': 'moksh', 'salt': b'$2b$12$iGC/ONVi1Ab4lB/2WXHJQO', 'hashed password': b'$2b$12$iGC/ONVi1Ab4lB/2WXHJQOCNiBIHry4SmPDhqxcgDHmMAibo2tanS', 'date': datetime.datetime(2021, 1, 9, 21, 27, 9, 157467)}
{'username': 'pappu', 'salt': b'$2b$12$SNOQkCqU.cISziSnKjYswO', 'hashed password': b'$2b$12$SNOQkCqU.cISziSnKjYswORGusPzkvXOwGCBjNdck/Qyewe.haUoW', 'date': datetime.datetime(2021, 1, 9, 23, 44, 47, 206347)}
{'username': 'dabbu', 'salt': b'$2b$12$nN2yMOsIsll/gdoPQ8TSde', 'hashed password': b'$2b$12$nN2yMOsIsll/gdoPQ8TSdeFIvg9gxkAm5wqb82pvZUyNaZJClHJvi', 'date': datetime.datetime(2021, 1, 9, 23, 48, 8, 249392)}